x,y,add,sub,half,mont,square,div,z,zq0_word,k,w,total,shift,d_word,trace_result
0,0,0,0,0,0,0,0,0,0,0,0,0,0,4294948863,0
0,1,1,18432,0,0,0,0,0,0,0,0,0,0,4294948863,0
0,2,2,18431,0,0,0,0,0,0,0,0,0,0,4294948863,0
0,3,3,18430,0,0,0,0,0,0,0,0,0,0,4294948863,0
0,4,4,18429,0,0,0,0,0,0,0,0,0,0,4294948863,0
0,4095,4095,14338,0,0,0,0,0,0,0,0,0,0,4294948863,0
0,4096,4096,14337,0,0,0,0,0,0,0,0,0,0,4294948863,0
0,8191,8191,10242,0,0,0,0,0,0,0,0,0,0,4294948863,0
0,8192,8192,10241,0,0,0,0,0,0,0,0,0,0,4294948863,0
0,10237,10237,8196,0,0,0,0,0,0,0,0,0,0,4294948863,0
0,18428,18428,5,0,0,0,0,0,0,0,0,0,0,4294948863,0
0,18429,18429,4,0,0,0,0,0,0,0,0,0,0,4294948863,0
0,18430,18430,3,0,0,0,0,0,0,0,0,0,0,4294948863,0
0,18431,18431,2,0,0,0,0,0,0,0,0,0,0,4294948863,0
0,18432,18432,1,0,0,0,0,0,0,0,0,0,0,4294948863,0
1,0,1,1,9217,0,5184,0,0,0,0,0,0,0,4294948863,0
1,1,2,0,9217,5184,5184,1,1,18431,18431,339738623,339738624,5184,4294954047,5184
1,2,3,18432,9217,10368,5184,9217,2,36862,36862,679477246,679477248,10368,4294959231,10368
1,3,4,18431,9217,15552,5184,12289,3,55293,55293,1019215869,1019215872,15552,4294964415,15552
1,4,5,18430,9217,2303,5184,13825,4,73724,8188,150929404,150929408,2303,4294951166,2303
1,4095,4096,14339,9217,12097,5184,13405,4095,75474945,43009,792784897,792788992,12097,4294960960,12097
1,4096,4097,14338,9217,17281,5184,9212,4096,75493376,61440,1132523520,1132527616,17281,4294966144,17281
1,8191,8192,10243,9217,10945,5184,5671,8191,150968321,38913,717283329,717291520,10945,4294959808,10945
1,8192,8193,10242,9217,16129,5184,4606,8192,150986752,57344,1057021952,1057030144,16129,4294964992,16129
1,10237,10238,8197,9217,1,5184,5184,10237,188678147,3,55299,65536,1,4294948864,1
1,18428,18429,6,9217,10946,5184,7373,18428,339646468,38916,717338628,717357056,10946,4294959809,10946
1,18429,18430,5,9217,16130,5184,4608,18429,339664899,57347,1057077251,1057095680,16130,4294964993,16130
1,18430,18431,4,9217,2881,5184,6144,18430,339683330,10242,188790786,188809216,2881,4294951744,2881
1,18431,18432,3,9217,8065,5184,9216,18431,339701761,28673,528529409,528547840,8065,4294956928,8065
1,18432,0,2,9217,13249,5184,18432,18432,339720192,47104,868268032,868286464,13249,4294962112,13249
2,0,2,2,1,0,2303,0,0,0,0,0,0,0,4294948863,0
2,1,3,1,1,10368,2303,2,2,36862,36862,679477246,679477248,10368,4294959231,10368
2,2,4,0,1,2303,2303,1,4,73724,8188,150929404,150929408,2303,4294951166,2303
2,3,5,18432,1,12671,2303,6145,6,110586,45050,830406650,830406656,12671,4294961534,12671
2,4,6,18431,1,4606,2303,9217,8,147448,16376,301858808,301858816,4606,4294953469,4606
2,4095,4097,14340,1,5761,2303,8377,8190,150949890,20482,377544706,377552896,5761,4294954624,5761
2,4096,4098,14339,1,16129,2303,18424,8192,150986752,57344,1057021952,1057030144,16129,4294964992,16129
2,8191,8193,10244,1,3457,2303,11342,16382,301936642,12290,226541570,226557952,3457,4294952320,3457
2,8192,8194,10243,1,13825,2303,9212,16384,301973504,49152,906018816,906035200,13825,4294962688,13825
2,10237,10239,8198,1,2,2303,10368,20474,377356294,6,110598,131072,2,4294948865,2
2,18428,18430,7,1,3459,2303,14746,36856,679292936,12296,226652168,226689024,3459,4294952322,3459
2,18429,18431,6,1,13827,2303,9216,36858,679329798,49158,906129414,906166272,13827,4294962690,13827
2,18430,18432,5,1,5762,2303,12288,36860,679366660,20484,377581572,377618432,5762,4294954625,5762
2,18431,0,4,1,16130,2303,18432,36862,679403522,57346,1057058818,1057095680,16130,4294964993,16130
2,18432,1,3,1,8065,2303,18431,36864,679440384,28672,528510976,528547840,8065,4294956928,8065
3,0,3,3,9218,0,9790,0,0,0,0,0,0,0,4294948863,0
3,1,4,2,9218,15552,9790,3,3,55293,55293,1019215869,1019215872,15552,4294964415,15552
3,2,5,1,9218,12671,9790,9218,6,110586,45050,830406650,830406656,12671,4294961534,12671
3,3,6,0,9218,9790,9790,1,9,165879,34807,641597431,641597440,9790,4294958653,9790
3,4,7,18432,9218,6909,9790,4609,12,221172,24564,452788212,452788224,6909,4294955772,6909
3,4095,4098,14341,9218,17858,9790,3349,12285,226424835,63491,1170329603,1170341888,17858,4294966721,17858
3,4096,4099,14340,9218,14977,9790,9203,12288,226480128,53248,981520384,981532672,14977,4294963840,14977
3,8191,8194,10245,9218,14402,9790,17013,24573,452904963,51203,943824899,943849472,14402,4294963265,14402
3,8192,8195,10244,9218,11521,9790,13818,24576,452960256,40960,755015680,755040256,11521,4294960384,11521
3,10237,10240,8199,9218,3,9790,15552,30711,566034441,9,165897,196608,3,4294948866,3
3,18428,18431,8,9218,14405,9790,3686,55284,1018939404,51212,943990796,944046080,14405,4294963268,14405
3,18429,18432,7,9218,11524,9790,13824,55287,1018994697,40969,755181577,755236864,11524,4294960387,11524
3,18430,0,6,9218,8643,9790,18432,55290,1019049990,30726,566372358,566427648,8643,4294957506,8643
3,18431,1,5,9218,5762,9790,9215,55293,1019105283,20483,377563139,377618432,5762,4294954625,5762
3,18432,2,4,9218,2881,9790,18430,55296,1019160576,10240,188753920,188809216,2881,4294951744,2881
4,0,4,4,2,0,9212,0,0,0,0,0,0,0,4294948863,0
4,1,5,3,2,2303,9212,4,4,73724,8188,150929404,150929408,2303,4294951166,2303
4,2,6,2,2,4606,9212,2,8,147448,16376,301858808,301858816,4606,4294953469,4606
4,3,7,1,2,6909,9212,12290,12,221172,24564,452788212,452788224,6909,4294955772,6909
4,4,8,0,2,9212,9212,1,16,294896,32752,603717616,603717632,9212,4294958075,9212
4,4095,4099,14342,2,11522,9212,16754,16380,301899780,40964,755089412,755105792,11522,4294960385,11522
4,4096,4100,14341,2,13825,9212,18415,16384,301973504,49152,906018816,906035200,13825,4294962688,13825
4,8191,8195,10246,2,6914,9212,4251,32764,603873284,24580,453083140,453115904,6914,4294955777,6914
4,8192,8196,10245,2,9217,9212,18424,32768,603947008,32768,604012544,604045312,9217,4294958080,9217
4,10237,10241,8200,2,4,9212,2303,40948,754712588,12,221196,262144,4,4294948867,4
4,18428,18432,9,2,6918,9212,11059,73712,1358585872,24592,453304336,453378048,6918,4294955781,6918
4,18429,0,8,2,9221,9212,18432,73716,1358659596,32780,604233740,604307456,9221,4294958084,9221
4,18430,1,7,2,11524,9212,6143,73720,1358733320,40968,755163144,755236864,11524,4294960387,11524
4,18431,2,6,2,13827,9212,18431,73724,1358807044,49156,906092548,906166272,13827,4294962690,13827
4,18432,3,5,2,16130,9212,18429,73728,1358880768,57344,1057021952,1057095680,16130,4294964993,16130
5,4159,4164,14279,9219,5096,569,11745,20795,383272645,18117,333950661,333971456,5096,4294953959,5096
8,10269,10277,8172,4,18369,18415,13249,82152,1514143512,65304,1203748632,1203830784,18369,4294967232,18369
11,17,28,18427,9222,10892,542,8675,187,3446597,38725,713817925,713818112,10892,4294959755,10892
102,11685,11787,6850,51,4645,17811,15532,1191870,492519490,16450,303222850,304414720,4645,4294953508,4645
105,4881,4986,13657,9269,3898,11300,14615,512505,856045063,13831,254946823,255459328,3898,4294952761,3898
108,148,256,18393,54,4721,5936,5979,15984,294601104,16784,309379472,309395456,4721,4294953584,4721
199,1040,1239,17592,9316,6308,3263,9518,206960,3814479760,22416,413194128,413401088,6308,4294955171,6308
202,18188,18390,447,101,12767,9261,12338,3673976,3290542216,45192,833024136,836698112,12767,4294961630,12767
205,541,746,18097,9319,6250,16406,17309,110905,2044090055,22215,409489095,409600000,6250,4294955113,6250
296,9090,9386,9639,148,8227,12224,6992,2690640,2346545584,29104,536474032,539164672,8227,4294957090,8227
299,13324,13623,5408,9366,6252,12298,15009,3983876,412374524,22012,405747196,409731072,6252,4294955115,6252
302,1196,1498,17539,151,13621,13519,1449,361192,2362162456,48408,892304664,892665856,13621,4294962484,13621
393,17402,17795,1424,9413,8544,7828,7759,6838986,1495299382,30006,553100598,559939584,8544,4294957407,8544
396,8722,9118,10107,198,928,1978,9020,3453912,3529509928,3112,57363496,60817408,928,4294949791,928
399,2113,2512,16719,9416,6543,15708,10643,843087,2654034609,23217,427958961,428802048,6543,4294955406,6543
490,7543,8033,11380,245,5401,8508,220,3696070,3697756730,19002,350263866,353959936,5401,4294954264,5401
493,4382,4875,14544,9463,13370,15167,5986,2160326,1162262842,47418,874055994,876216320,13370,4294962233,13370
496,3292,3788,15637,248,1591,4540,4614,1632832,29955520,5568,102634944,104267776,1591,4294950454,1591
587,16379,16966,2641,9510,15373,14264,5465,9614473,1110692727,54135,997870455,1007484928,15373,4294964236,15373
590,304,894,286,295,4854,14999,4974,179360,3305784160,17248,317932384,318111744,4854,4294953717,4854
593,4733,5326,14293,9513,15340,16881,16443,2806669,190108787,54387,1002515571,1005322240,15340,4294964203,15340
684,7044,7728,12073,342,18169,6663,7725,4818096,2902981456,64336,1185905488,1190723584,18169,4294967032,18169
687,14921,15608,4199,9560,10388,1474,16790,10250727,4247555609,36377,670537241,680787968,10388,4294959251,10388
690,6436,7126,12687,345,9066,15865,1793,4440840,244743416,31992,589708536,594149376,9066,4294957929,9066
781,16404,17185,2810,9607,11931,4138,16652,12811524,4200964860,41724,769098492,781910016,11931,4294960794,11931
784,11367,12151,7850,392,9681,11458,8259,8911728,1043301520,33936,625542288,634454016,9681,4294958544,9681
787,8401,9188,10819,9610,17777,1492,10001,6611587,1599075709,62845,1158421885,1165033472,17777,4294966640,17777
878,7593,8471,11718,439,13234,6689,10621,6666654,2614015586,46690,860636770,867303424,13234,4294962097,13234
881,8075,8956,11239,9657,875,8085,13281,7114075,2270497445,2725,50229925,57344000,875,4294949738,875
884,10628,11512,8689,442,2749,10628,12335,9395152,1363354672,9264,170763312,180158464,2749,4294951612,2749
975,17477,19,1931,9704,1787,14316,7538,17040075,533009717,5429,100072757,117112832,1787,4294950650,1787
978,5045,6023,14366,489,545,9788,4381,4934010,744425094,1670,30783110,35717120,545,4294949408,545
981,13117,14098,6297,9707,17423,6407,3443,12867777,942796607,61247,1128965951,1141833728,17423,4294966286,17423
1072,9190,10262,10315,536,12598,8586,15958,9851680,1187687648,44256,815770848,825622528,12598,4294961461,12598
1075,2277,3352,17231,9754,6833,16567,6671,2447775,2165268065,24161,445359713,447807488,6833,4294955696,6833
1078,15868,16946,3643,539,4642,7262,13050,17105704,1742617816,15576,287112408,304218112,4642,4294953505,4642
1169,1165,2334,4,9801,6943,7932,3118,1361885,3626065955,24611,453654563,455016448,6943,4294955806,6943
1172,18204,943,1401,586,17881,9989,16979,21335088,2384982992,62416,1150514128,1171849216,17881,4294966744,17881
1175,448,1623,727,9804,17847,13193,14856,526400,1112143808,63424,1169094592,1169620992,17847,4294966710,17847
1266,11835,13101,7864,633,1397,12354,6593,14983110,1275793466,4154,76570682,91553792,1397,4294950260,1397
1269,15960,17229,3742,9851,13398,8487,10703,20253240,3920278984,46536,857798088,878051328,13398,4294962261,13398
1272,3723,4995,15982,636,18314,5767,6922,4735656,1383529816,64856,1195490648,1200226304,18314,4294967177,18314
1363,4334,5697,15462,9898,12535,3419,7422,5907242,1502194902,44246,815586518,821493760,12535,4294961398,12535
1366,13978,15344,5821,683,9959,12061,1332,19093948,4028204612,34372,633579076,652673024,9959,4294958822,9959
1369,7260,8629,12542,9901,4185,3417,13373,9938940,2795976708,14340,264329220,274268160,4185,4294953048,4185
1460,15528,16988,4365,730,1633,17993,13737,22670880,1235161568,4576,84349408,107020288,1633,4294950496,1633
1463,12258,13721,7638,9948,5706,2278,8167,17933454,4113976178,19314,356014962,373948416,5706,4294954569,5706
1466,11059,12525,8840,733,10468,6143,7384,16212494,2459733490,36338,669818354,686030848,10468,4294959331,10468
1557,8551,10108,11439,9995,3699,777,11063,13313907,575484045,12429,229103757,242417664,3699,4294952562,3699
1560,10800,12360,9193,780,17214,16004,12084,16848000,1287842688,60288,1111288704,1128136704,17214,4294966077,17214
1563,15120,16683,4876,9998,16872,13945,14421,23632560,1780016464,58704,1082090832,1105723392,16872,4294965735,16872
1654,1836,3490,18251,827,16875,7070,2551,3036744,135653816,59832,1102883256,1105920000,16875,4294965738,16875
1657,9604,11261,10486,10045,5759,16373,18247,15913828,1249987740,19612,361507996,377421824,5759,4294954622,5759
1660,1010,2670,650,830,3106,8390,13142,1676600,836643528,10952,201878216,203554816,3106,4294951969,3106
1751,13816,15567,6368,10092,2437,6,11913,24191816,3497729208,7352,135519416,159711232,2437,4294951300,2437
1754,8670,10424,11517,877,6349,3385,2088,15207180,1110660340,21748,400880884,416088064,6349,4294955212,6349
1757,5595,7352,14595,10095,4178,7911,9739,9830415,795752433,14321,263978993,273809408,4178,4294953041,4178
1848,7625,9473,12656,924,13826,16451,2101,14091000,2013183240,48392,892009736,906100736,13826,4294962689,13826
1851,7998,9849,12286,10142,17126,13906,4446,14804298,2275076790,60086,1107565238,1122369536,17126,4294965989,17126
1854,10442,12296,9845,927,18230,12508,6567,19359468,332069140,63764,1175361812,1194721280,18230,4294967093,18230
1945,1696,3641,249,10189,12318,1106,10511,3298720,669166176,43616,803973728,807272448,12318,4294961181,12318
1948,7588,9536,12793,974,17799,11070,8007,14781424,1853486096,62480,1151693840,1166475264,17799,4294966662,17799
1951,15551,17502,4833,10192,6538,3748,6440,30340001,850809951,21599,398134367,428474368,6538,4294955401,6538
2042,14462,16504,6013,1021,14488,9270,278,29531404,3127427828,49908,919954164,949485568,14488,4294963351,14488
2045,7440,9485,13038,10239,6510,13310,9799,15214800,1251104560,22320,411424560,426639360,6510,4294955373,6510
2048,2489,4537,17992,1024,4110,64,7140,5097472,3757193216,14336,264255488,269352960,4110,4294952973,4110
2139,9057,11196,11515,10286,45,4077,14837,19372923,580058245,64645,1191601285,1210974208,18478,45,45
2142,7554,9696,13021,1071,18267,2193,542,16180668,1873148484,64068,1180965444,1197146112,18267,4294967130,18267
2145,8122,10267,12456,10289,9088,1456,2499,17421690,3271588486,31366,578169478,595591168,9088,4294957951,9088
2236,3914,6150,16755,1118,3997,3960,13790,8751704,2388866472,13736,253195688,261947392,3997,4294952860,3997
2239,7930,10169,12742,10336,14346,14585,249,17755270,829866874,50042,922424186,940179456,14346,4294963209,14346
2242,14017,16259,6658,1121,1181,7924,2145,31426114,3689089470,2494,45971902,77398016,1181,4294950044,1181
2333,17466,1366,3300,10383,6053,8919,1046,40748178,3705359214,19310,355941230,396689408,6053,4294954916,6053
2336,8568,10904,12201,1168,11322,13620,5198,20014848,3821443328,39168,721983744,741998592,11322,4294960185,11322
2339,1741,4080,598,10386,15397,1035,16338,4072199,2040255737,54521,1004985593,1009057792,15397,4294964260,15397
2430,12847,15277,8016,1215,4355,521,3801,31218210,4152178142,13790,254191070,285409280,4355,4294953218,4355
2433,9468,11901,11398,10433,7337,17731,14888,23035644,3663159556,24836,457801988,480837632,7337,4294956200,7337
2436,8160,10596,12709,1218,13012,17655,2955,19877760,1294774400,45184,832876672,852754432,13012,4294961875,13012
2527,8490,11017,12470,10480,15478,15632,1392,21454230,285921898,53866,992911978,1014366208,15478,4294964341,15478
2530,10630,13160,10333,1265,533,8485,17861,26893900,1760231860,436,8036788,34930688,533,4294949396,533
2533,14841,17374,6125,10483,10601,2485,2365,37592253,1373080387,35651,657154883,694747136,10601,4294959464,10601
2624,4395,7019,16662,1312,698,17386,9215,11532480,2101741376,1856,34211648,45744128,698,4294949561,698
2627,12054,14681,9006,10530,7485,4315,15306,31665858,3812843838,24894,458871102,490536960,7485,4294956348,7485
2630,3351,5981,17712,1315,6306,10824,12647,8813130,3521009078,21942,404456886,413270016,6306,4294955169,6306
2721,562,3283,2159,10577,13456,5783,1284,1529202,2414918286,47758,880323214,881852416,13456,4294962319,13456
2724,13740,16464,7417,1362,7902,5221,15954,37427760,2636277200,26064,480437712,517865472,7902,4294956765,7902
2727,10556,13283,10604,10580,16702,5806,5534,28786212,2277695964,57820,1065796060,1094582272,16702,4294965565,16702
2818,15424,18242,5827,1409,15028,17689,6805,43464832,2236401536,51072,941410176,984875008,15028,4294963891,15028
2821,15688,76,5566,10627,18359,11203,14047,44255848,3930715544,62872,1158919576,1203175424,18359,4294967222,18359
2824,18023,2414,3234,1412,3065,5864,12042,50896952,1778851784,8136,149970888,200867840,3065,4294951928,3065
2915,12115,15030,9233,10674,3556,16238,4618,35315225,2354850279,10727,197730791,233046016,3556,4294952419,3556
2918,17898,2383,3453,1459,132,3828,29,52226364,511440580,63172,1164449476,1216675840,18565,132,132
2921,7319,10240,14035,10677,403,10998,14298,21378799,3190620433,273,5032209,26411008,403,4294949266,403
3012,9068,12080,12377,1506,14048,1430,11896,27312816,891338064,48464,893336912,920649728,14048,4294962911,14048
3015,1937,4952,1078,10724,6662,1529,1724,5840055,263871305,23369,430760777,436600832,6662,4294955525,6662
3018,15310,18328,6141,1509,6858,2775,13297,46205580,1211520372,21876,403240308,449445888,6858,4294955721,6858
3109,6283,9392,15259,10771,7780,10131,13537,19533847,3546048489,26601,490336233,509870080,7780,4294956643,7780
3112,4671,7783,16874,1556,17658,4306,3134,14536152,1627845160,61992,1142698536,1157234688,17658,4294966521,17658
3115,5130,8245,16418,10774,2139,18061,4007,15979950,2468682322,6738,124201554,140181504,2139,4294951002,2139
3206,3760,6966,17879,1603,1327,5475,18326,12054560,3134263264,4064,74911712,86966272,1327,4294950190,1327
3209,7667,10876,13975,10821,12829,12159,9836,24603403,2493754613,44277,816157941,840761344,12829,4294961692,12829
3212,13645,16857,8000,1606,2821,1557,16800,43827740,335224292,7652,141049316,184877056,2821,4294951684,2821
3303,1499,4802,1804,10868,11264,5895,408,4951197,1061198691,39779,733246307,738197504,11264,4294960127,11264
3306,10925,14231,10814,1653,8750,6655,1507,36118050,4266815966,29150,537321950,573440000,8750,4294957613,8750
3309,3989,7298,17753,10871,7046,8562,14238,13199601,2763677455,24335,448567055,461766656,7046,4294955909,7046
3400,17933,2900,3900,1700,17300,11391,11053,60972200,2792153944,58200,1072800600,1133772800,17300,4294966163,17300
3403,14445,17848,7391,10918,3563,6227,11254,49156335,4057278225,10001,184348433,233504768,3563,4294952426,3563
3406,13028,16434,8811,1703,12956,2210,7185,44373368,1801759368,43656,804711048,849084416,12956,4294961819,12956
3497,16196,1260,5734,10965,17577,3530,12787,56637412,207087644,59420,1095288860,1151926272,17577,4294966440,17577
3500,18227,3294,3706,1750,13843,10875,4636,63794500,3270357692,45756,843420348,907214848,13843,4294962706,13843
3503,3896,7399,18040,10968,260,934,7235,13647688,2432434360,184,3391672,17039360,260,4294949123,260
3594,14721,18315,7306,1797,10237,745,9583,52907274,176390902,33526,617984758,670892032,10237,4294959100,10237
3597,3838,7435,18192,11015,866,2166,15413,13805286,1042155802,2330,42948890,56754176,866,4294949729,866
3600,13459,17059,8574,1800,3966,4734,12829,48452400,3967954128,11472,211463376,259915776,3966,4294952829,3966
3691,13508,17199,8616,11062,11855,3036,9925,49858028,4105280020,39444,727071252,776929280,11855,4294960718,11855
3694,8144,11838,13983,1847,18073,16966,13368,30083936,426243232,62624,1154348192,1184432128,18073,4294966936,18073
3697,4851,8548,17279,11065,3783,13610,3736,17934147,4126748861,12477,229988541,247922688,3783,4294952646,3783
3788,12557,16345,9664,1894,2140,10403,11280,47565916,514069412,5028,92681124,140247040,2140,4294951003,2140
3791,12712,16503,9512,11112,8307,18409,1591,48191192,3448596776,26920,496216360,544407552,8307,4294957170,8307
3794,14938,299,7289,1897,16286,9129,674,56674772,895669804,54828,1010644524,1067319296,16286,4294965149,16286
3885,11868,15753,10450,11159,16100,4413,17562,46107180,3692877268,54740,1009022420,1055129600,16100,4294964963,16100
3888,17542,2997,4779,1944,6576,6495,10050,68203296,2924498144,19680,362761440,430964736,6576,4294955439,6576
3891,6854,10745,15470,11162,2751,9724,5183,26668914,1908482190,8334,153620622,180289536,2751,4294951614,2751
3982,11441,15423,10974,1991,15011,3499,17457,45558062,2162018002,50898,938202834,983760896,15011,4294963874,15011
3985,4201,8186,18217,11209,11022,18090,4788,16740985,3610416519,38279,705596807,722337792,11022,4294959885,11022
3988,17465,3020,4956,1994,16619,15395,17134,69650420,3826636812,55308,1019492364,1089142784,16619,4294965482,16619
4079,11276,15355,11236,11256,15448,7661,2696,45994804,1621675212,52428,966405324,1012400128,15448,4294964311,15448
4082,9555,13637,12960,2041,1354,16328,4314,39003510,1614154378,2698,49732234,88735744,1354,4294950217,1354
4085,9905,13990,12613,11259,733,7709,1117,40461925,2724397467,411,7575963,48037888,733,4294949596,733
4095,0,4095,4095,11264,0,7744,0,0,0,0,0,0,0,4294948863,0
4095,1,4096,4094,11264,12097,7744,4095,4095,75474945,43009,792784897,792788992,12097,4294960960,12097
4095,2,4097,4093,11264,5761,7744,11264,8190,150949890,20482,377544706,377552896,5761,4294954624,5761
4095,3,4098,4092,11264,17858,7744,1365,12285,226424835,63491,1170329603,1170341888,17858,4294966721,17858
4095,4,4099,4091,11264,11522,7744,5632,16380,301899780,40964,755089412,755105792,11522,4294960385,11522
4095,4095,8190,0,11264,7744,7744,1,16769025,4127221759,26623,490741759,507510784,7744,4294956607,7744
4095,4096,8191,18432,11264,1408,7744,9222,16773120,4202696704,4096,75501568,92274688,1408,4294950271,1408
4095,8191,12286,14337,11264,9152,7744,15598,33542145,4034951167,30719,566243327,599785472,9152,4294958015,9152
4095,8192,12287,14336,11264,2816,7744,4611,33546240,4110426112,8192,151003136,184549376,2816,4294951679,2816
4095,10237,14332,12291,11264,4095,7744,12097,41920515,3837865981,12285,226449405,268369920,4095,4294952958,4095
4095,18428,4090,4100,11264,13247,7744,17614,75462660,3577849852,43004,792692732,868155392,13247,4294962110,13247
4095,18429,4091,4099,11264,6911,7744,12801,75466755,3653324797,20477,377452541,452919296,6911,4294955774,6911
4095,18430,4092,4098,11264,575,7744,17068,75470850,3728799742,63486,1170237438,1245708288,19008,575,575
4095,18431,4093,4097,11264,12672,7744,7169,75474945,3804274687,40959,754997247,830472192,12672,4294961535,12672
4095,18432,4094,4096,11264,6336,7744,14338,75479040,3879749632,18432,339757056,415236096,6336,4294955199,6336
4096,0,4096,4096,2048,0,256,0,0,0,0,0,0,0,4294948863,0
4096,1,4097,4095,2048,17281,256,4096,4096,75493376,61440,1132523520,1132527616,17281,4294966144,17281
4096,2,4098,4094,2048,16129,256,2048,8192,150986752,57344,1057021952,1057030144,16129,4294964992,16129
4096,3,4099,4093,2048,14977,256,13654,12288,226480128,53248,981520384,981532672,14977,4294963840,14977
4096,4,4100,4092,2048,13825,256,1024,16384,301973504,49152,906018816,906035200,13825,4294962688,13825
4096,4095,8191,1,2048,1408,256,13406,16773120,4202696704,4096,75501568,92274688,1408,4294950271,1408
4096,4096,8192,0,2048,256,256,1,16777216,4278190080,0,0,16777216,256,4294949119,256
4096,8191,12287,14338,2048,1664,256,2836,33550336,4185919488,4096,75501568,109051904,1664,4294950527,1664
4096,8192,12288,14337,2048,512,256,9217,33554432,4261412864,0,0,33554432,512,4294949375,512
4096,10237,14333,12292,2048,4096,256,17281,41930752,4026544128,12288,226504704,268435456,4096,4294952959,4096
4096,18428,4091,4101,2048,5760,256,6554,75481088,3917496320,16384,302006272,377487360,5760,4294954623,5760
4096,18429,4092,4100,2048,4608,256,17409,75485184,3992989696,12288,226504704,301989888,4608,4294953471,4608
4096,18430,4093,4099,2048,3456,256,4779,75489280,4068483072,8192,151003136,226492416,3456,4294952319,3456
4096,18431,4094,4098,2048,2304,256,16385,75493376,4143976448,4096,75501568,150994944,2304,4294951167,2304
4096,18432,4095,4097,2048,1152,256,14337,75497472,4219469824,0,0,75497472,1152,4294950015,1152
4176,11373,15549,11236,2088,15553,16899,12302,47493648,3477065200,52720,971787760,1019281408,15553,4294964416,15553
4179,15171,917,7441,11306,12580,1209,9769,63399609,287088967,41287,761043271,824442880,12580,4294961443,12580
4182,2607,6789,1575,2091,8534,5099,3247,10902474,3375002678,29750,548381750,559284224,8534,4294957397,8534
4273,11732,16005,10974,11353,13468,12780,3116,50130836,543469676,45164,832508012,882638848,13468,4294962331,13468
4276,2616,6892,1660,2138,5976,9599,819,11186016,11030688,20640,380457120,391643136,5976,4294954839,5976
4279,14004,18283,8708,11356,1298,7565,12801,59923116,636355924,1364,25142612,85065728,1298,4294950161,1298
4370,12353,16723,10450,2185,7335,13737,13248,53982610,2816039534,23150,426723950,480706560,7335,4294956198,7335
4373,8756,13129,14050,11403,16550,4632,2112,38289988,1348132284,56764,1046330812,1084620800,16550,4294965413,16550
4376,7230,11606,15579,2188,14033,15107,15828,31638480,3308239920,48176,888028208,919666688,14033,4294962896,14033
4467,13236,17703,9664,11450,13729,1337,15772,59125212,3110056484,45604,840618532,899743744,13729,4294962592,13729
4470,15158,1195,7745,2235,5578,4741,2053,67756260,3275112220,16156,297803548,365559808,5578,4294954441,5578
4473,718,5191,3755,11453,8015,9292,11790,3211614,3358682786,28322,522059426,525271040,8015,4294956878,8015
4564,14381,512,8616,2282,12359,12446,1400,65634884,2830736828,40380,744324540,809959424,12359,4294961222,12359
4567,3389,7956,1178,11500,8068,9926,17662,15477563,1799122117,27845,513266885,528744448,8068,4294956931,8068
4570,12901,17471,10102,2285,18252,8553,11868,58957570,20246782,61694,1137205502,1196163072,18252,4294967115,18252
4661,15788,2016,7306,11547,1367,10198,2974,73587868,3383296868,868,15999844,89587712,1367,4294950230,1367
4664,10315,14979,12782,2332,3729,1754,12388,48109160,1936664984,10648,196274584,244383744,3729,4294952592,3729
4667,6913,11580,16187,11550,6020,12890,94,32262971,1933331653,19653,362263749,394526720,6020,4294954883,6020
4758,17457,3782,5734,2379,15761,13026,16124,83060406,1877985610,51530,949852490,1032912896,15761,4294964624,15761
4761,17503,3831,5691,11597,9136,17091,8260,83331783,2584767801,27961,515405113,598736896,9136,4294957999,9136
4764,1187,5951,3577,2382,6327,3870,5874,5654868,1145657004,22188,408991404,414646272,6327,4294955190,6327
4855,955,5810,3900,11644,16817,2497,5120,4636525,3851413651,59539,1097482387,1102118912,16817,4294965680,16817
4858,6520,11378,16771,2429,3998,638,11462,31674160,3965858000,12496,230338768,262012928,3998,4294952861,3998
4861,14156,584,9138,11647,17315,18359,11937,68812316,1264443876,57828,1065943524,1134755840,17315,4294966178,17315
4952,3148,8100,1804,2476,2677,15477,12462,15588896,3851100640,8672,159850976,175439872,2677,4294951540,2677
4955,14232,754,9156,11694,4890,7694,7322,70519560,2665886968,13560,249951480,320471040,4890,4294953753,4890
4958,8954,13912,14437,2479,260,1058,12340,44393932,2180774452,64052,1180670516,1225064448,18693,260,260
5049,5603,10652,17879,11741,8349,15100,14644,28289547,1713597941,28149,518870517,547160064,8349,4294957212,8349
5052,3773,8825,1279,2526,9954,1393,9787,19061196,3424552500,34356,633284148,652345344,9954,4294958817,9954
5055,4014,9069,1041,11744,8603,7266,7785,20290770,317027118,29486,543515438,563806208,8603,4294957466,8603
5146,8320,13466,15259,2573,13542,1366,14973,42814720,3139089152,45824,844673792,887488512,13542,4294962405,13542
5149,12009,17158,11573,11791,17332,168,3365,61834341,1502405531,58267,1074035611,1135869952,17332,4294966195,17332
5152,17769,4488,5816,2576,3620,117,1991,91545888,3655081696,7904,145694432,237240320,3620,4294952483,3620
5243,11299,16542,12377,11838,16398,11141,6942,59240657,942855983,55087,1015418671,1074659328,16398,4294965261,16398
5246,2074,7320,3172,2623,6733,4019,5424,10880204,2964544308,23348,430373684,441253888,6733,4294955596,6733
5249,13353,169,10329,11841,1886,16477,17826,70089897,3336702807,2903,53510999,123600896,1886,4294950749,1886
5340,14540,1447,9233,2670,15059,7559,11334,77643600,825082032,49328,909263024,986906624,15059,4294963922,15059
5343,10834,16177,12942,11888,13165,12946,16744,57886062,1746119314,43666,804895378,862781440,13165,4294962028,13165
5346,9199,14545,14580,2673,1543,1047,9701,49177854,158927618,2818,51944194,101122048,1543,4294950406,1543
5437,18043,5047,5827,11935,7667,9053,2302,98099791,4190983601,21937,404364721,502464512,7667,4294956530,7667
5440,1423,6863,4017,2720,16337,8516,8333,7741120,942661952,57664,1062920512,1070661632,16337,4294965200,16337
5443,5307,10750,136,11938,733,9126,7104,28886001,4116907023,1039,19151887,48037888,733,4294949596,733
5534,3375,8909,2159,2767,10797,15623,3153,18677250,643011070,37374,688914942,707592192,10797,4294959660,10797
5537,10707,16244,13263,11985,14391,9162,12785,59284659,1753856845,47949,883843917,943128576,14391,4294963254,14391
5540,1677,7217,3863,2770,16031,3848,14886,9290580,3730955436,56492,1041317036,1050607616,16031,4294964894,16031
5631,7402,13033,16662,12032,4158,8836,9028,41680662,3712102634,12522,230818026,272498688,4158,4294953021,4158
5634,1820,7454,3814,2817,5469,14884,3872,10253880,10701256,18888,348162504,358416384,5469,4294954332,5469
5637,16742,3946,7328,12035,8713,3646,3910,94374654,4252460290,25858,476640514,571015168,8713,4294957576,8713
5728,11691,17419,12470,2864,4325,7125,18115,66966048,1595616736,11744,216477152,283443200,4325,4294953188,4325
5731,11628,17359,12536,12082,6146,7249,8036,66640068,4177413948,18236,336144188,402784256,6146,4294955009,6146
5734,13636,937,10531,2867,13787,8520,4291,78188824,2284170984,44776,825356008,903544832,13787,4294962650,13787
5825,16242,3634,8016,12129,9440,10490,5449,94609650,4288704270,28430,524050190,618659840,9440,4294958303,9440
5828,3265,9093,2563,2914,14564,4690,14082,19028420,2820458044,50748,935437884,954466304,14564,4294963427,14564
5831,10792,16623,13472,12132,10962,37,10592,62928152,187599592,35560,655477480,718405632,10962,4294959825,10962
5922,2622,8544,3300,2961,17645,498,14175,15527484,2719216068,61892,1140855236,1156382720,17645,4294966508,17645
5925,13597,1089,10761,12179,10432,7207,13389,80562225,3078651855,32719,603109327,683671552,10432,4294959295,10432
5928,8210,14138,16151,2964,16813,15063,571,48668880,3662929712,57136,1053187888,1101856768,16813,4294965676,16813
6019,7697,13716,16755,12226,8649,14015,9070,46328243,3472322125,28237,520492621,566820864,8649,4294957512,8649
6022,5758,11780,264,3011,10325,14800,10847,34674676,3433793548,34828,641984524,676659200,10325,4294959188,10325
6025,5890,11915,135,12229,11049,16732,9374,35487250,1230475758,37358,688620014,724107264,11049,4294959912,11049
6116,13034,717,11515,3058,17460,14175,4229,79715944,365748632,57752,1064542616,1144258560,17460,4294966323,17460
6119,16614,4300,7938,12276,12385,9036,6472,101661066,1109366390,38518,710002294,811663360,12385,4294961248,12385
6122,3832,9954,2290,3061,10245,5044,14038,23459504,2885388624,35152,647956816,671416320,10245,4294959108,10245
6213,200,6413,6013,12323,5354,978,12842,1242600,1427524120,18968,349637144,350879744,5354,4294954217,5354
6216,9299,15515,15350,3108,14754,8348,10800,57802584,207536296,49320,909115560,966918144,14754,4294963617,14754
6219,2036,8255,4183,12326,12543,16865,9464,12661884,1442950020,43908,809356164,822018048,12543,4294961406,12543
6310,6061,12371,249,3155,7339,11290,15408,38244910,517299666,24018,442723794,480968704,7339,4294956202,7339
6313,2246,8559,4067,12373,15574,12736,13290,14178998,3635074378,54602,1006478666,1020657664,15574,4294964437,15574
6316,502,6818,5814,3158,16085,15329,4272,3170632,2603343544,57016,1050975928,1054146560,16085,4294964948,16085
6407,12184,158,12656,12420,3124,8245,13969,78062888,4258011864,6872,126671576,204734464,3124,4294951987,3124
6410,13888,1865,10955,3205,12987,3767,11030,89022080,88449408,41344,762093952,851116032,12987,4294961850,12987
6413,17663,5643,7183,12423,580,436,255,113272819,377221133,61453,1132763149,1246035968,19013,580,580
6504,136,6640,6368,3252,9284,10276,4385,884544,3418128576,32960,607551680,608436224,9284,4294958147,9284
6507,7359,13866,17581,12470,5135,18307,61,47885013,2100378923,15659,288642347,336527360,5135,4294953998,5135
6510,16653,4730,8290,3255,1036,9052,16876,108411030,963901290,63338,1167509354,1275920384,19469,1036,1036
6601,6783,13384,18251,12517,5528,17383,15105,44774583,606618441,17225,317508425,362283008,5528,4294954391,5528
6604,1092,7696,5512,3302,8593,1057,14928,7211568,4067390928,30160,555939280,563150848,8593,4294957456,8593
6607,15905,4079,9135,12520,15595,4311,5240,105084335,4074095185,49745,916949585,1022033920,15595,4294964458,15595
6698,13692,1957,11439,3349,8431,11133,7413,91709016,2366726568,25000,460825000,552534016,8431,4294957294,8431
6701,13520,1788,11614,12567,3070,7316,3713,90597520,3355580272,6000,110598000,201195520,3070,4294951933,3070
6704,15419,3690,9718,3352,5533,4646,5661,103368976,2523084528,14064,259241712,362610688,5533,4294954396,5533
6795,2430,9225,4365,12614,16135,9959,9902,16511850,3682196630,56470,1040911510,1057423360,16135,4294964998,16135
6798,7777,14575,17454,3399,5141,218,7275,52868046,3748346930,15410,284052530,336920576,5141,4294954004,5141
6801,15195,3563,10039,12617,5858,10057,2497,103341195,2011052917,15221,280568693,383909888,5858,4294954721,5858
6892,9863,16755,15462,3446,8349,13861,10332,67975796,3026412940,25996,479184268,547160064,8349,4294957212,8349
6895,2296,9191,4599,12664,12948,16629,6241,15830920,4016877688,45176,832729208,848560128,12948,4294961811,12948
6898,15233,3698,10098,3449,14712,2111,10977,105077234,3943216654,46606,859088398,964165632,14712,4294963575,14712
6989,17558,6114,7864,12711,1648,4406,11747,122712862,2567961826,64738,1193315554,1316028416,20081,1648,1648
6992,15510,4069,9915,3496,6200,1250,2230,108445920,1606958880,16160,297877280,406323200,6200,4294955063,6200
6995,15533,4095,9895,12714,11804,17674,8356,108653335,1134857449,36073,664933609,773586944,11804,4294960667,11804
7086,7082,14168,4,3543,12607,27,6331,50183052,1505862772,42100,776029300,826212352,12607,4294961470,12607
7089,10553,17642,14969,12761,1472,9380,357,74810217,142607511,1175,21658775,96468992,1472,4294950335,1472
7092,16095,4754,9430,3546,13709,1447,12170,114145740,3581126196,42548,784287284,898433024,13709,4294962572,13709
7183,15301,4051,10315,12808,2502,724,4347,109907083,2767850357,2933,54063989,163971072,2502,4294951365,2502
7186,5858,13044,1328,3593,15339,4153,11348,42095588,2769669148,52252,963161116,1005256704,15339,4294964202,15339
7189,16919,5675,8703,12811,136,8729,8603,121630691,4097304605,59421,1095307293,1216937984,18569,136,136
7280,5349,12629,1931,3640,6341,6497,3251,38940720,456871888,20432,376623056,415563776,6341,4294955204,6341
7283,1425,8708,5858,12858,9077,4002,13251,10378275,2303425501,31709,584491997,594870272,9077,4294957940,9077
7286,18005,6858,7714,3643,6093,2654,11439,131184430,4088608978,14546,268126418,399310848,6093,4294954956,6093
7377,14092,3036,11718,12905,3833,17346,6011,103956684,470228788,7988,147242804,251199488,3833,4294952696,3833
7380,15687,4634,10126,3690,17694,8927,17947,115770060,3454197044,56628,1043823924,1159593984,17694,4294966557,17694
7383,920,8303,6463,12908,11289,1655,10607,6792360,635935576,39768,733043544,739835904,11289,4294960152,11289
7474,4664,12138,2810,3737,11553,14838,4515,34858736,2531236112,39184,722278672,757137408,11553,4294960416,11553
7477,11778,822,14132,12955,2466,495,17155,88064106,3906867094,3990,73547670,161611776,2466,4294951329,2466
7480,2530,10010,4950,3740,13866,5732,5613,18924400,903265424,48272,889797776,908722176,13866,4294962729,13866
7571,13931,3069,12073,13002,9210,17406,158,105471601,2621860239,27023,498114959,603586560,9210,4294958073,9210
7574,8131,15705,17876,3787,16834,15572,3610,61584194,1186913470,56510,1041648830,1103233024,16834,4294965697,16834
7577,4402,11979,3175,13005,11966,14885,13950,33353954,566402846,40734,750849822,784203776,11966,4294960829,11966
7668,5027,12695,2641,3834,13379,6617,13125,38547036,1790816676,45476,838259108,876806144,13379,4294962242,13379
7671,4746,12417,2925,13052,3641,17292,13203,36406566,994519770,10970,202210010,238616576,3641,4294952504,3641
7674,6536,14210,1138,3837,3731,10681,9291,50157264,1030564144,10544,194357552,244514816,3731,4294952594,3731
7765,14818,4150,11380,13099,3769,904,4485,115061770,3284605942,7158,131943414,247005184,3769,4294952632,3769
7768,1623,9391,6145,3884,16328,5655,7353,12607464,439935000,57368,1057464344,1070071808,16328,4294965191,16328
7771,8932,16703,17272,13102,5736,11553,4832,69410572,3700965620,16628,306503924,375914496,5736,4294954599,5736
7862,6438,14300,1424,3931,15388,267,236,50615556,887409404,51964,957852412,1008467968,15388,4294964251,15388
7865,17195,6627,9103,13149,16171,17527,8019,135238675,1502987245,50157,924543981,1059782656,16171,4294965034,16171
7868,11590,1025,14711,3934,16123,17501,11140,91190120,1392888984,52376,965446808,1056636928,16123,4294964986,16123
7959,16753,6279,9639,13196,9512,4706,9903,133337127,815294425,26585,490041305,623378432,9512,4294958375,9512
7962,14596,4125,11799,3981,1312,16042,3918,116213352,3034577304,63896,1177794968,1294008320,19745,1312,1312
7965,14510,4042,11888,13199,14601,10092,12177,115572150,4101485130,45642,841318986,956891136,14601,4294963464,14601
8056,8897,16953,17592,4028,2716,14221,17427,71674232,2472810120,5768,106321544,177995776,2716,4294951579,2716
8059,12259,1885,14233,13246,6759,1200,15676,98795281,4124657903,18671,344162543,442957824,6759,4294955622,6759
8062,17692,7321,8803,4031,17745,7759,3820,142632904,347068472,55352,1020303416,1162936320,17745,4294966608,17745
8153,1303,9456,6850,13293,11575,10379,657,10623359,2525601409,40577,747955841,758579200,11575,4294960438,11575
8156,10184,18340,16405,4078,12221,9867,399,83060704,1883478048,38944,717854752,800915456,12221,4294961084,12221
8159,2703,10862,5456,13296,5264,10502,16397,22053777,2746238063,17519,322927727,344981504,5264,4294954127,5264
8191,0,8191,8191,13312,0,10816,0,0,0,0,0,0,0,4294948863,0
8191,1,8192,8190,13312,10945,10816,8191,8191,150968321,38913,717283329,717291520,10945,4294959808,10945
8191,2,8193,8189,13312,3457,10816,13312,16382,301936642,12290,226541570,226557952,3457,4294952320,3457
8191,3,8194,8188,13312,14402,10816,15019,24573,452904963,51203,943824899,943849472,14402,4294963265,14402
8191,4,8195,8187,13312,6914,10816,6656,32764,603873284,24580,453083140,453115904,6914,4294955777,6914
8191,4095,12286,4096,13312,9152,10816,13407,33542145,4034951167,30719,566243327,599785472,9152,4294958015,9152
8191,4096,12287,4095,13312,1664,10816,9223,33550336,4185919488,4096,75501568,109051904,1664,4294950527,1664
8191,8191,16382,0,13312,10816,10816,1,67092481,3925903359,34815,641744895,708837376,10816,4294959679,10816
8191,8192,16383,18432,13312,3328,10816,13828,67100672,4076871680,8192,151003136,218103808,3328,4294952191,3328
8191,10237,18428,16387,13312,8191,10816,10945,83851267,3569442813,24573,452954109,536805376,8191,4294957054,8191
8191,18428,8186,8196,13312,574,10816,5735,150943748,3200378876,59388,1094699004,1245642752,19007,574,574
8191,18429,8187,8195,13312,11519,10816,11777,150951939,3351347197,32765,603957245,754909184,11519,4294960382,11519
8191,18430,8188,8194,13312,4031,10816,3414,150960130,3502315518,6142,113215486,264175616,4031,4294952894,4031
8191,18431,8189,8193,13312,14976,10816,5121,150968321,3653283839,45055,830498815,981467136,14976,4294963839,14976
8191,18432,8190,8192,13312,7488,10816,10242,150976512,3804252160,18432,339757056,490733568,7488,4294956351,7488
8192,0,8192,8192,4096,0,1024,0,0,0,0,0,0,0,4294948863,0
8192,1,8193,8191,4096,16129,1024,8192,8192,150986752,57344,1057021952,1057030144,16129,4294964992,16129
8192,2,8194,8190,4096,13825,1024,4096,16384,301973504,49152,906018816,906035200,13825,4294962688,13825
8192,3,8195,8189,4096,11521,1024,8875,24576,452960256,40960,755015680,755040256,11521,4294960384,11521
8192,4,8196,8188,4096,9217,1024,2048,32768,603947008,32768,604012544,604045312,9217,4294958080,9217
8192,4095,12287,4097,4096,2816,1024,8379,33546240,4110426112,8192,151003136,184549376,2816,4294951679,2816
8192,4096,12288,4096,4096,512,1024,2,33554432,4261412864,0,0,33554432,512,4294949375,512
8192,8191,16383,1,4096,3328,1024,5672,67100672,4076871680,8192,151003136,218103808,3328,4294952191,3328
8192,8192,16384,0,4096,1024,1024,1,67108864,4227858432,0,0,67108864,1024,4294949887,1024
8192,10237,18429,16388,4096,8192,1024,16129,83861504,3758120960,24576,453009408,536870912,8192,4294957055,8192
8192,18428,8187,8197,4096,11520,1024,13108,150962176,3540025344,32768,604012544,754974720,11520,4294960383,11520
8192,18429,8188,8196,4096,9216,1024,16385,150970368,3691012096,24576,453009408,603979776,9216,4294958079,9216
8192,18430,8189,8195,4096,6912,1024,9558,150978560,3841998848,16384,302006272,452984832,6912,4294955775,6912
8192,18431,8190,8194,4096,4608,1024,14337,150986752,3992985600,8192,151003136,301989888,4608,4294953471,4608
8192,18432,8191,8193,4096,2304,1024,10241,150994944,4143972352,0,0,150994944,2304,4294951167,2304
8250,12404,2221,14279,4125,15798,11613,16267,102333000,608880056,50616,933004728,1035337728,15798,4294964661,15798
8253,8371,16624,18315,13343,15840,5177,12744,69085863,2011221337,52569,969004377,1038090240,15840,4294964703,15840
8256,6409,14665,1847,4128,12166,18321,11221,52912704,276471232,40384,744398272,797310976,12166,4294961029,12166
8347,5334,13681,3013,13390,13527,17923,6177,44522898,262779502,45678,841982574,886505472,13527,4294962390,13527
8350,6820,15170,1530,4175,15758,5563,8515,56947000,1618136776,52936,975769288,1032716288,15758,4294964621,15758
8353,10377,297,16409,13393,18160,12783,11094,86679081,4149275095,59863,1103454679,1190133760,18160,4294967023,18160
8444,16959,6970,9918,4222,2904,10876,17802,143201796,2242382332,2556,47114748,190316544,2904,4294951767,2904
8447,5531,13978,2916,13440,10117,11025,14382,46720357,2109440667,33435,616307355,663027712,10117,4294958980,10117
8450,14607,4624,12276,4225,2955,12321,865,123429150,2884964066,3810,70229730,193658880,2955,4294951818,2955
8541,10413,521,16561,13487,504,8905,11392,88937433,2823287847,62503,1152117799,1241055232,18937,504,504
8544,4504,13048,4040,4272,15492,3130,4029,38482176,595382016,52992,976801536,1015283712,15492,4294964355,15492
8547,666,9213,7881,13490,1559,16935,3085,5692302,1835603058,5234,96478322,102170624,1559,4294950422,1559
8638,4129,12767,4509,4319,4469,12010,10636,35666302,235615874,13954,257214082,292880384,4469,4294953332,4469
8641,3739,12380,4902,13537,11592,311,17824,32308699,2776144421,39461,727384613,759693312,11592,4294960455,11592
8644,5420,14064,3224,4322,12114,8192,16979,46850480,212770384,40528,747052624,793903104,12114,4294960977,12114
8735,16540,6842,10628,13584,12941,1758,2235,144476900,4268987676,38172,703624476,848101376,12941,4294961804,12941
8738,3236,11974,5502,4369,14992,2568,14961,28276168,1467009592,51768,954239544,982515712,14992,4294963855,14992
8741,10436,744,16738,13587,14329,4525,11268,91221076,1963439020,45996,847844268,939065344,14329,4294963192,14329
8832,10780,1179,16485,4416,5629,15015,4132,95208960,2449684992,14848,273693184,368902144,5629,4294954492,5629
8835,2995,11830,5840,13634,5401,9901,6773,26460825,2368161127,17767,327499111,353959936,5401,4294954264,5401
8838,15714,6119,11557,4419,6346,5934,12247,138880332,4197857972,15028,277011124,415891456,6346,4294955209,6346
8929,5282,14211,3647,13681,17541,14915,17817,47162978,1677453726,59806,1102403998,1149566976,17541,4294966404,17541
8932,3016,11948,5916,4466,17827,3877,17727,26938912,2589848032,61920,1141371360,1168310272,17827,4294966690,17827
8935,2821,11756,6114,13684,4740,12419,9713,25205635,708590717,15485,285435005,310640640,4740,4294953603,4740
9026,46,9072,8980,4513,9953,1458,9012,415196,3357510180,35364,651864612,652279808,9953,4294958816,9953
9029,3299,12328,5730,13731,13546,2929,9859,29786671,3537286609,46545,857963985,887750656,13546,4294962409,13546
9032,8623,17655,409,4516,7653,5547,8650,77882936,941316552,22984,423664072,501547008,7653,4294956516,7653
9123,13505,4195,14051,13778,17873,11510,15450,123206115,3069173277,56861,1048118813,1171324928,17873,4294966736,17873
9126,3844,12970,5282,4563,9133,7057,12940,35080344,2320725864,30568,563459944,598540288,9133,4294957996,9133
9129,14687,5383,12875,13781,13227,3751,2453,134077623,1578474313,39753,732767049,866844672,13227,4294962090,13227
9220,8793,18013,427,4610,2577,8205,9445,81071460,3874427548,4764,87814812,168886272,2577,4294951440,2577
9223,4651,13874,4572,13828,2730,16261,12720,42896173,345382099,7379,136017107,178913280,2730,4294951593,2730
9226,2580,11806,6646,4613,1171,7031,14850,23803080,627903288,2872,52939576,76742656,1171,4294950034,1171
9317,4343,13660,4974,13875,17506,9976,3648,40463731,2757683853,60045,1106809485,1147273216,17506,4294966369,17506
9320,5720,15040,3600,4660,10912,12108,16630,53310400,3311438912,35904,661818432,715128832,10912,4294959775,10912
9323,9168,58,155,13878,6493,15387,13490,85473264,3399698448,18448,340051984,425525248,6493,4294955356,6493
9414,155,9569,9259,4707,5503,16823,10407,1459170,1124158494,19486,359185438,360644608,5503,4294954366,5503
9417,7051,16468,2366,13925,13388,13031,1996,66399267,4034178013,43997,810996701,877395968,13388,4294962251,13388
9420,16018,7005,11835,4710,8902,10386,13506,150889560,2201639848,23464,432511912,583401472,8902,4294957765,8902
9511,14662,5740,13282,13972,1576,10313,4299,139450282,1817704534,63574,1171859542,1311309824,20009,1576,1576
9514,8644,18158,870,4757,8300,597,18191,82239016,3918815704,25048,461709784,543948800,8300,4294957163,8300
9517,4697,14214,4820,13975,6540,10461,9142,44701349,3551809883,20827,383904091,428605440,6540,4294955403,6540
9608,10998,2173,17043,4804,3867,8879,14579,105668784,1961172816,8016,147758928,253427712,3867,4294952730,3867
9611,10499,1677,17545,14022,12223,11672,17226,100905889,75600991,37983,700140639,801046528,12223,4294961086,12223
9614,12071,3252,15976,4807,15982,15612,16554,116050594,34784606,50526,931345758,1047396352,15982,4294964845,15982
9705,7596,17301,2109,14069,10518,12521,1086,73719180,1508541044,33396,615588468,689307648,10518,4294959381,10518
9708,12616,3891,15525,4854,4866,9390,3934,122476128,2499684768,10656,196422048,318898176,4866,4294953729,4866
9711,1274,10985,8437,14072,16937,7406,2829,12371814,391637146,59546,1097611418,1109983232,16937,4294965800,16937
9802,4456,14258,5346,4901,1238,2806,9591,43677712,1865025520,2032,37455856,81133568,1238,4294950101,1238
9805,14995,6367,13243,14119,2804,12184,8077,147025975,4006348745,1993,36736969,183762944,2804,4294951667,2804
9808,9172,547,636,4904,7547,4276,11585,89958976,176510400,21952,404641216,494600192,7547,4294956410,7547
9899,1578,11477,8321,14166,11035,16600,6466,15620622,140875250,38386,707569138,723189760,11035,4294959898,11035
9902,17636,9105,10699,4951,4179,1621,9100,174631672,1705841928,5384,99243272,273874944,4179,4294953042,4179
9905,17332,8804,11006,14169,4387,6222,17905,171673460,3017611404,6284,115832972,287506432,4387,4294953250,4387
9996,17395,8958,11034,4998,1185,17037,2441,173880420,744418204,60316,1111804828,1285685248,19618,1185,1185
9999,2106,12105,7893,14216,7133,14567,11742,21057894,1570987674,24218,446410394,467468288,7133,4294955996,7133
10002,7321,17323,2681,5001,5599,13244,2139,73224642,983645758,15934,293711422,366936064,5599,4294954462,5599
10093,15041,6701,13485,14263,6696,4117,7893,151808813,1964522707,15571,287020243,438829056,6696,4294955559,6696
10096,5271,15367,4825,5048,9808,14156,14172,53216016,1571847408,31984,589561072,642777088,9808,4294958671,9808
10099,16005,7671,12527,14266,9325,6909,14929,161634495,2673041217,24385,449488705,611123200,9325,4294958188,9325
10190,12949,4706,15674,5095,7277,14706,3756,131950310,1024674074,18714,344955162,476905472,7277,4294956140,7277
10193,8698,458,1495,14313,10346,388,16067,88658714,1981185254,31974,589376742,678035456,10346,4294959209,10346
10196,6518,16714,3678,5098,13707,5650,16076,66457528,813019208,45128,831844424,898301952,13707,4294962570,13707
10237,0,10237,10237,14335,0,10237,0,0,0,0,0,0,0,4294948863,0
10237,1,10238,10236,14335,1,10237,10237,10237,188678147,3,55299,65536,1,4294948864,1
10237,2,10239,10235,14335,2,10237,14335,20474,377356294,6,110598,131072,2,4294948865,2
10237,3,10240,10234,14335,3,10237,15701,30711,566034441,9,165897,196608,3,4294948866,3
10237,4,10241,10233,14335,4,10237,16384,40948,754712588,12,221196,262144,4,4294948867,4
10237,4095,14332,6142,14335,4095,10237,11733,41920515,3837865981,12285,226449405,268369920,4095,4294952958,4095
10237,4096,14333,6141,14335,4096,10237,16,41930752,4026544128,12288,226504704,268435456,4096,4294952959,4096
10237,8191,18428,2046,14335,8191,10237,8510,83851267,3569442813,24573,452954109,536805376,8191,4294957054,8191
10237,8192,18429,2045,14335,8192,10237,8,83861504,3758120960,24576,453009408,536870912,8192,4294957055,8192
10237,10237,2041,0,14335,10237,10237,1,104796169,3057874935,30711,566095863,670892032,10237,4294959100,10237
10237,18428,10232,10242,14335,18428,10237,12699,188647436,2332350452,55284,1019049972,1207697408,18428,4294967291,18428
10237,18429,10233,10241,14335,18429,10237,2049,188657673,2521028599,55287,1019105271,1207762944,18429,4294967292,18429
10237,18430,10234,10240,14335,18430,10237,2732,188667910,2709706746,55290,1019160570,1207828480,18430,4294967293,18430
10237,18431,10235,10239,14335,18431,10237,4098,188678147,2898384893,55293,1019215869,1207894016,18431,4294967294,18431
10237,18432,10236,10238,14335,18432,10237,8196,188688384,3087063040,55296,1019271168,1207959552,18432,4294967295,18432
10287,11119,2973,17601,14360,1070,11938,15929,114381153,3625055903,63135,1163767455,1278148608,19503,1070,1070
10290,12387,4244,16336,5145,6889,10129,4791,127462230,4204217514,17578,324015274,451477504,6889,4294955752,6889
10293,15726,7586,13000,14363,16887,9467,7255,161867718,2676607034,51258,944838714,1106706432,16887,4294965750,16887
10384,9551,1502,833,5192,4650,14246,14028,99177584,2580949904,11152,205564816,304742400,4650,4294953513,4650
10387,16338,8292,12482,14410,16012,6513,1482,169702806,1056225898,47722,879659626,1049362432,16012,4294964875,16012
10390,6763,17153,3627,5195,17007,18360,8260,70267570,2316426574,56654,1044303182,1114570752,17007,4294965870,17007
10481,8245,293,2236,14457,16159,3197,3395,86415845,3592539675,52763,972580379,1058996224,16159,4294965022,16159
10484,2118,12602,8366,5242,17424,7973,16854,22205112,1240526152,60744,1119694152,1141899264,17424,4294966287,17424
10487,16495,8549,12425,14460,12209,13896,7461,172983065,1385137383,34023,627145959,800129024,12209,4294961072,12209
10578,7201,17779,3377,5289,15306,15657,13105,76172178,3770074222,50286,926921838,1003094016,15306,4294964169,15306
10581,6593,17174,3988,14507,9267,14509,7405,69760533,1561162219,29163,537561579,607322112,9267,4294958130,9267
10584,8056,207,2528,5292,635,14508,13492,85264704,3850696384,63168,1164375744,1249640448,19068,635,635
10675,6419,17094,4256,14554,233,14760,16123,68522825,223802551,62647,1154772151,1223294976,18666,233,233
10678,11330,3575,17781,5339,8116,7688,12974,120981740,726423316,22292,410908436,531890176,8116,4294956979,8116
10681,18312,10560,10802,14557,17293,1763,16669,195590472,1450428088,50872,937723576,1133314048,17293,4294966156,17293
10772,5899,16671,4873,5386,5948,506,11076,63544028,2948875556,17700,326264100,389808128,5948,4294954811,5948
10775,16329,8671,12879,14604,12113,5943,7906,175944975,141525745,33521,617892593,793837568,12113,4294960976,12113
10778,10397,2742,381,5389,5026,12527,12087,112058866,3772657166,11790,217325070,329383936,5026,4294953889,5026
10869,5641,16510,5228,14651,12160,9761,1309,61312029,465607651,39907,735605731,796917760,12160,4294961023,12160
10872,3157,14029,7715,5436,967,9274,3822,34322904,1245251112,1576,29050408,63373312,967,4294949830,967
10875,2744,13619,8131,14654,17275,9934,17342,29841000,243657112,59800,1102293400,1132134400,17275,4294966138,17275
10966,5645,16611,5321,5483,17011,5659,5220,61903070,2769149730,57122,1052929826,1114832896,17011,4294965874,17011
10969,8680,1216,2289,14701,9686,17681,12503,95210920,2485809752,29272,539570776,634781696,9686,4294958549,9686
10972,13786,6325,15619,5486,15316,12417,1025,151259992,439137448,46248,852489384,1003749376,15316,4294964179,15316
11063,5911,16974,5152,14748,210,6633,13988,65393393,2674783503,62735,1156394255,1221787648,18643,210,210
11066,14465,7098,15034,5533,17979,12731,7402,160069690,3896891334,55238,1018202054,1178271744,17979,4294966842,17979
11069,6657,17726,4412,14751,15724,1543,3701,73686333,903137987,51907,956801731,1030488064,15724,4294964587,15724
11160,6439,17599,4721,5580,15198,12683,10714,71859240,1587725272,50136,924156888,996016128,15198,4294964061,15198
11163,2079,13242,9084,14798,5555,12857,8517,23207877,2542618683,18491,340844603,364052480,5555,4294954418,5555
11166,18223,10956,11376,5583,16641,14178,8900,203478018,796900350,48126,887106558,1090584576,16641,4294965504,16641
11257,7229,53,4028,14845,4818,5376,10813,81376853,913191339,12715,234375595,315752448,4818,4294953681,4818
11260,8388,1215,2872,5630,7422,18059,12835,94448880,1325552400,21264,391959312,486408192,7422,4294956285,7422
11263,11618,4448,18078,14848,16209,13456,16703,130853534,2284832098,50530,931419490,1062273024,16209,4294965072,16209
11354,8281,1202,3073,5677,4078,3145,6234,94022474,2056398006,9398,173233334,267255808,4078,4294952941,4078
11357,14959,7883,14831,14895,3289,9904,7059,169889363,199690669,2477,45658541,215547904,3289,4294952152,3289
11360,5275,16635,6085,5680,12570,17810,6659,59924000,652648928,41440,763863520,823787520,12570,4294961433,12570
11451,9595,2613,1856,14942,11120,5990,17124,109872345,2127594279,33575,618887975,728760320,11120,4294959983,11120
11454,3359,14813,8095,5727,9731,6825,1518,38473986,444432126,32510,599256830,637730816,9731,4294958594,9731
11457,17627,10651,12263,14945,3866,8807,18030,201952539,2745567973,2789,51409637,253362176,3866,4294952729,3866
11548,11171,4286,377,5774,5653,13911,13365,129002708,2531996460,13100,241472300,370475008,5653,4294954516,5653
11551,10454,3572,1097,14992,6457,8822,9736,120754154,826753046,16406,302411798,423165952,6457,4294955320,6457
11554,11808,4929,18179,5777,6672,4880,3095,136429632,1978679232,16320,300826560,437256192,6672,4294955535,6672
11645,13009,6221,17069,15039,4252,8475,4827,151489805,379853555,6899,127169267,278659072,4252,4294953115,4252
11648,17811,11026,12270,5824,10042,15895,10235,207462528,1220960128,24448,450649984,658112512,10042,4294958905,10042
11651,6251,17902,5400,15042,697,6029,6964,72830401,2307324479,64063,1180873279,1253703680,19130,697,697
11742,15109,8418,15066,5871,5059,8115,2625,177409878,1371349162,8362,154136746,331546624,5059,4294953922,5059
11745,6997,309,4748,15089,195,9611,4114,82179765,2826760523,61771,1138624843,1220804608,18628,195,195
11748,956,12704,10792,5874,2516,12254,12738,11231088,841752720,8336,153657488,164888576,2516,4294951379,2516
11839,17471,10877,12801,15136,6216,12831,1808,206839169,2616732287,10879,200532607,407371776,6216,4294955079,6216
11842,14878,8287,15397,5921,11924,8403,16506,176185276,275546180,32836,605265988,781451264,11924,4294960787,11924
11845,14356,7768,15922,15139,10271,5122,2321,170046820,3101780636,27292,503073436,673120256,10271,4294959134,10271
11936,1662,13598,10274,5968,5865,4190,18418,19837632,555175232,19776,364531008,384368640,5865,4294954728,5865
11939,4588,16527,7351,15186,6505,12271,8058,54776132,261574332,20156,371535548,426311680,6505,4294955368,6505
11942,9585,3094,2357,5971,3671,3066,8311,114464070,858331834,6842,126118586,240582656,3671,4294952534,3671
12033,4548,16581,7485,15233,2148,625,17086,54726084,3634106940,4668,86045244,140771328,2148,4294951011,2148
12036,12993,6596,17476,6018,513,2782,11288,156383748,385803772,58876,1085261308,1241645056,18946,513,513
12039,5076,17115,6963,15236,17724,6086,7661,61109964,1036314932,59700,1100450100,1161560064,17724,4294966587,17724
12130,7696,1393,4434,6065,11640,2136,5017,93352480,2592640480,36320,669486560,762839040,11640,4294960503,11640
12133,3227,15360,8906,15283,10523,16802,2757,39153191,77957593,35289,650482137,689635328,10523,4294959386,10523
12136,829,12965,11307,6068,13706,14182,16024,10060744,745978936,48184,888175672,898236416,13706,4294962569,13706
12227,11106,4900,1121,15330,14050,8723,10718,135793062,3130959450,42586,784987738,920780800,14050,4294962913,14050
12230,12156,5953,74,6115,16244,17465,9078,148667880,4203528728,49688,915898904,1064566784,16244,4294965107,16244
12233,15277,9077,15389,15333,8192,8921,2969,186883541,4181740075,18987,349987371,536870912,8192,4294957055,8192
12324,14778,8669,15979,6162,7520,1953,390,182124072,2359312856,16856,310706648,492830720,7520,4294956383,7520
12327,2914,15241,9413,15380,15818,4771,1845,35920878,632738834,54290,1000727570,1036648448,15818,4294964681,15818
12330,11554,5451,776,6165,17757,8736,1405,142460820,1470355564,55404,1021261932,1163722752,17757,4294966620,17757
12421,279,12700,12142,15427,8625,259,16033,3465459,3742332685,30477,561782541,565248000,8625,4294957488,8625
12424,12367,6358,57,6212,7387,15586,2198,153647608,1495614984,17928,330466824,484114432,7387,4294956250,7387
12427,8093,2087,4334,15430,3677,13627,7413,100571711,2506300865,7617,140404161,240975872,3677,4294952540,3677
12518,4475,16993,8043,6259,15507,3641,5889,56018050,1676528510,52094,960248702,1016266752,15507,4294964370,15507
12521,3649,16170,8872,15477,7526,13044,1726,45689129,282746583,24279,447534807,493223936,7526,4294956389,7526
12524,4894,17418,7630,6262,960,5161,447,61292456,104857688,88,1622104,62914560,960,4294949823,960
12615,8933,3115,3682,15524,7875,12099,10001,112689795,2516407677,21885,403406205,516096000,7875,4294956738,7875
12618,13626,7811,17425,6309,14377,15578,8840,171932868,3503792956,41788,770278204,942211072,14377,4294963240,14377
12621,1957,14578,10664,15527,7748,1771,9595,24699297,4261176927,26207,483073631,507772928,7748,4294956611,7748
12712,13653,7932,17492,6356,2304,7200,16132,173556936,3372219192,64312,1185463096,1359020032,20737,2304,2304
12715,5432,18147,7283,15574,7649,4755,13050,69067880,1679776664,23448,432216984,501284864,7649,4294956512,7649
12718,17715,12000,13436,6359,3750,3457,14359,225299370,3554280534,1110,20460630,245760000,3750,4294952613,3750
12812,15933,10312,15312,6406,3917,17441,5628,204133596,4289923876,2852,52570916,256704512,3917,4294952780,3917
12815,15302,9684,15946,15624,5541,10219,17693,196095130,2161845094,9062,167039846,363134976,5541,4294954404,5541
12909,8263,2739,4646,15671,1323,16770,6366,106667067,3180657605,64453,1188062149,1294729216,19756,1323,1323
12912,13151,7630,18194,6456,11263,3624,15548,169805712,2952886384,30832,568326256,738131968,11263,4294960126,11263
13006,855,13861,12151,6503,16442,2742,2128,11120130,3091653118,57854,1066422782,1077542912,16442,4294965305,16442
13009,11262,5838,1747,15721,625,2105,5607,146507358,3037653410,59810,1102477730,1248985088,19058,625,625
13103,12142,6812,961,15768,10550,12223,2131,159096626,3142217934,28878,532308174,691404800,10550,4294959413,10550
13106,9635,4308,3471,6553,8635,5662,17187,126276310,3821362474,23850,439627050,565903360,8635,4294957498,8635
13200,5258,25,7942,6600,222,8347,16893,69405600,3609326688,62560,1153168480,1222574080,18655,222,222
13203,8270,3040,4933,15818,15002,14295,15936,109188810,2414262582,47414,873982262,983171072,15002,4294963865,15002
13297,17069,11933,14661,15865,2033,9547,4112,226966493,4216253475,60451,1114293283,1341259776,20466,2033,2033
13300,7167,2034,6133,6650,17868,9571,8857,95321100,221570036,58356,1075676148,1170997248,17868,4294966731,17868
13394,10709,5670,2685,6697,14125,15823,5931,143436346,2270406086,42438,782259654,925696000,14125,4294962988,14125
13397,6326,1290,7071,15915,15375,9923,16748,84749422,2943468434,50066,922866578,1007616000,15375,4294964238,15375
13491,4611,18102,8880,15962,16207,8742,9933,62207001,4075934695,54247,999934951,1062141952,16207,4294965070,16207
13494,5747,808,7747,6747,5665,15351,4698,77550018,3395239486,15934,293711422,371261440,5665,4294954528,5665
13588,17208,12363,14813,6794,6421,6737,5421,233822304,1726687136,10144,186984352,420806656,6421,4294955284,6421
13591,5430,588,8161,16012,5313,7422,9348,73799130,2982099494,14886,274393638,348192768,5313,4294954176,5313
13685,11634,6886,2051,16059,1342,9808,17314,159211290,960622822,61670,1136763110,1295974400,19775,1342,1342
13688,5375,630,8313,6844,12461,4569,6052,73573000,3109264760,40312,743071096,816644096,12461,4294961324,12461
13782,6322,1671,7460,6891,17545,17955,2533,87129804,3866616116,57652,1062699316,1149829120,17545,4294966408,17545
13785,5582,934,8203,16109,6818,6792,11940,76947870,886984290,20066,369876578,446824448,6818,4294955681,6818
13879,1272,15151,12607,16156,16306,12745,12430,17654088,3259948728,57016,1050975928,1068630016,16306,4294965169,16306
13882,6051,1500,7831,6941,4959,14091,14466,83999982,2015441682,13074,240993042,324993024,4959,4294953822,4959
13976,14917,10460,17492,6988,14200,12611,14193,208479992,2793969928,39176,722131208,930611200,14200,4294963063,14200
13979,6782,2328,7197,16206,5026,8033,8800,94805578,3604885942,12726,234578358,329383936,5026,4294953889,5026
14073,10391,6031,3682,16253,9369,17553,9664,146232543,2267505441,25377,467774241,614006784,9369,4294958232,9369
14076,7775,3418,6301,7038,5161,7051,10559,109440900,2765566076,12412,228790396,338231296,5161,4294954024,5161
14170,6127,1864,8043,7085,18388,9138,8399,86819590,2444029178,60666,1118256378,1205075968,18388,4294967251,18388
14173,9030,4770,5143,16303,3506,11145,12921,127982190,902698386,5522,101787026,229769216,3506,4294952369,3506
14267,2125,16392,12142,16350,2533,5799,5220,30317375,433790145,7361,135685313,166002688,2533,4294951396,2533
14270,10547,6384,3723,7135,16636,1882,8441,150505690,3716466470,50982,939751206,1090256896,16636,4294965499,16636
14364,16818,12749,15979,7182,15245,7536,4762,241573752,2859704456,41096,757522568,999096320,15245,4294964108,15245
14367,12326,8260,2041,16400,5827,16128,14045,177087642,4022152038,11110,204790630,381878272,5827,4294954690,5827
14461,13340,9368,1121,16447,17800,14349,12994,192909740,3581464148,52820,973631060,1166540800,17800,4294966663,17800
14464,14367,10398,97,7232,6087,17017,16743,207804288,3224971392,10368,191113344,398917632,6087,4294954950,6087
14558,10124,6249,4434,7279,8340,7805,1316,147385192,2037142680,21656,399185048,546570240,8340,4294957203,8340
14561,16670,12798,16324,16497,15558,4549,8032,242731870,2730140834,42146,776877218,1019609088,15558,4294964421,15558
14655,7170,3392,7485,16544,3440,6337,2740,105076350,3926923650,6530,120367490,225443840,3440,4294952303,3440
14658,802,15460,13856,7329,13949,15590,14590,11755716,1921236796,48956,902405948,914161664,13949,4294962812,13949
14752,4478,797,10274,7376,1242,9945,17506,66059456,2066088768,832,15336256,81395712,1242,4294950105,1242
14755,3629,18384,11126,16594,17835,13274,2752,53545895,3356879961,60505,1115288665,1168834560,17835,4294966698,17835
14849,2048,16897,12801,16641,18321,196,13823,30410752,2154821632,63488,1170274304,1200685056,18321,4294967184,18321
14852,6718,3137,8134,7426,6925,16034,540,99775736,720587528,19208,354061064,453836800,6925,4294955788,6925
14946,18313,14826,15066,7473,15953,13956,6327,273706098,2385486734,41870,771789710,1045495808,15953,4294964816,15953
14949,10069,6585,4880,16691,16227,5437,17737,150521481,4007510391,49527,912931191,1063452672,16227,4294965090,16227
15043,16407,13017,17069,16738,10713,14359,5497,246810501,593977467,24699,455276667,702087168,10713,4294959576,10713
15046,13682,10295,1364,7523,7017,18349,12420,205859372,1737962964,13780,254006740,459866112,7017,4294955880,7017
15140,14763,11470,377,7570,743,1405,8685,223511820,672717556,56052,1033206516,1256718336,19176,743,743
15143,17557,14267,16019,16788,14303,17904,12082,265865651,3907096141,36429,671495757,937361408,14303,4294963166,14303
15237,13381,10185,1856,16835,2618,11960,10932,203886297,4026923303,63783,1175712039,1379598336,21051,2618,2618
15240,3261,68,11979,7620,17794,4102,6686,49697640,1149168792,60568,1116449944,1166147584,17794,4294966657,17794
15334,12261,9162,3073,7667,14480,9158,15880,188010174,3471876418,41282,760951106,948961280,14480,4294963343,14480
15337,7660,4564,7677,16885,15632,13809,6622,117481420,636534836,49204,906977332,1024458752,15632,4294964495,15632
15431,11403,8401,4028,16932,16038,11432,14149,175959693,412793203,47475,875106675,1051066368,16038,4294964901,16038
15434,12321,9322,3113,7717,5959,10159,16820,190162314,188295798,10870,200366710,390529024,5959,4294954822,5959
15528,10807,7902,4721,7764,5434,349,13355,167811096,549857256,10216,188311528,356122624,5434,4294954297,5434
15531,17244,14342,16720,16982,5350,11585,2948,267816564,1209667980,4492,82801036,350617600,5350,4294954213,5350
15625,10473,7665,5152,17029,17676,12775,9504,163640625,993317583,53967,994773711,1158414336,17676,4294966539,17676
15628,3996,1191,11632,7814,11947,18087,11942,62449488,4250245296,39088,720509104,782958592,11947,4294960810,11947
15722,10401,7690,5321,7861,14040,11844,13093,163524522,3148390486,41046,756600918,920125440,14040,4294962903,14040
15725,9443,6735,6282,17079,5459,11232,10527,148491175,946678873,11353,209269849,357761024,5459,4294954322,5459
15819,10591,7977,5228,17126,11101,15989,12289,167539029,4125324971,30379,559976107,727515136,11101,4294959964,11101
15822,15152,12541,670,7911,2461,9453,11546,239734944,3328372576,61280,1129574240,1369309184,20894,2461,2461
15916,11043,8526,4873,7958,7001,6777,8708,175760388,1034370044,15356,283057148,458817536,7001,4294955864,7001
15919,2690,176,13229,17176,1095,12750,13142,42822110,3275294242,1570,28939810,71761920,1095,4294949958,1095
16013,11757,9337,4256,17223,18315,2641,7632,188264841,3870676599,54903,1012026999,1200291840,18315,4294967178,18315
16016,8923,6506,7093,8008,17936,2690,14830,142910768,1173412560,56016,1032542928,1175453696,17936,4294966799,17936
16110,12733,10410,3377,8055,6319,3581,17363,205128630,1154559050,11338,208993354,414121984,6319,4294955182,6319
16113,15418,13098,695,17273,14260,16139,2324,248430234,382505318,37222,686113126,934543360,14260,4294963123,14260
16207,13971,11745,2236,17320,6021,9597,5751,226427997,2881168291,9123,168164259,394592256,6021,4294954884,6021
16210,3742,1519,12468,8105,6642,16231,11206,60657820,1292783460,20324,374632292,435290112,6642,4294955505,6642
16304,15471,13342,833,8152,15563,2256,15876,252239184,1865786032,41648,767697584,1019936768,15563,4294964426,15563
16307,10761,8635,5546,17370,11657,2966,3215,175479627,154631349,31925,588473525,763953152,11657,4294960520,11657
16401,17233,15201,17601,17417,14654,18424,13765,282638433,3808595871,36767,677726111,960364544,14654,4294963517,14654
16404,18042,16013,16795,8202,9014,13210,12451,295960968,248135288,15992,294780536,590741504,9014,4294957877,9014
16498,824,17322,15674,8249,1436,2802,5881,13594352,1449398544,4368,80515344,94109696,1436,4294950299,1436
16501,7152,5220,9349,17467,15288,10097,3742,118015152,1883814736,47952,883899216,1001914368,15288,4294964151,15288
16595,3110,1272,13485,17514,10917,10689,17816,51610450,2044431534,36014,663846062,715456512,10917,4294959780,10917
16598,14957,13122,1641,8299,10188,12060,5733,248256286,1471437026,22754,419424482,667680768,10188,4294959051,10188
16692,5658,3917,11034,8346,4373,5219,11829,94443336,1223370936,10424,192145592,286588928,4373,4294953236,4373
16695,4591,2853,12104,17564,10289,666,13458,76646745,3926884007,32423,597653159,674299904,10289,4294959152,10289
16789,8468,6824,8321,17611,16812,4825,17327,142169252,391433052,52060,959621980,1101791232,16812,4294965675,16812
16792,12920,11279,3872,8396,13733,12781,10810,216952640,39555264,37056,683053248,900005888,13733,4294962596,13733
16886,11540,9993,5346,8443,9510,9507,158,194864440,953834184,23240,428382920,623247360,9510,4294958373,9510
16889,3078,1534,13811,17661,229,11539,17115,51984342,345700394,63530,1171048490,1223032832,18662,229,229
16983,14874,13424,2109,17708,17475,832,10043,252605142,20823338,48426,892636458,1145241600,17475,4294966338,17475
16986,11931,10484,5055,8493,4785,15373,6240,202659966,2899253122,6018,110929794,313589760,4785,4294953648,4785
17080,37,17117,17043,8540,1983,15666,1458,631960,3057720168,7016,129325928,129957888,1983,4294950846,1983
17083,2613,1263,14470,17758,7110,5850,8634,44637879,2381994313,22857,421323081,465960960,7110,4294955973,7110
17177,3895,2639,13282,17805,16475,17143,6327,66904415,459658913,54945,1012801185,1079705600,16475,4294965338,16475
17180,11990,10737,5190,8590,5346,1403,14837,205988200,4112391832,7832,144367256,350355456,5346,4294954209,5346
17274,8015,6856,9259,8637,3794,5263,15427,138451110,581834586,5978,110192474,248643584,3794,4294952657,3794
17277,3196,2040,14081,17855,16068,2032,10981,55217292,4097626996,54132,997815156,1053032448,16068,4294964931,16068
17371,12397,11335,4974,17902,17381,16892,8044,215348287,534496193,50113,923732929,1139081216,17381,4294966244,17381
17374,13097,12038,4277,8687,552,7737,11735,227547278,2035799922,55154,1016653682,1244200960,18985,552,552
17468,17041,16076,427,8734,79,15164,15825,297672188,1722860036,49668,915530244,1213202432,18512,79,79
17471,4827,3865,12644,17952,12239,85,122,84332517,3849426971,38939,717762587,802095104,12239,4294961102,12239
17565,3514,2646,14051,17999,5329,79,18139,61723410,3752803566,15598,287517934,349241344,5329,4294954192,5329
17568,15252,14387,2316,8784,12405,15942,4468,267947136,3616240512,29568,545026944,812974080,12405,4294961268,12405
17662,8682,7911,8980,8831,12840,8503,6847,153341484,148410836,37332,688140756,841482240,12840,4294961703,12840
17665,7506,6738,10159,18049,17625,9,7323,132593490,4289190062,55470,1022478510,1155072000,17625,4294966488,17625
17759,14112,13438,3647,18096,2321,3570,8404,250615008,1995369248,60192,1109519136,1360134144,20754,2321,2321
17762,22,17784,17740,8881,7608,7585,9186,390764,2907203988,27028,498207124,498597888,7608,4294956471,7608
17856,1371,794,16485,8928,8780,3713,8564,24480576,229930176,29888,550925504,575406080,8780,4294957643,8780
17859,11233,10659,6626,18146,17362,1804,11065,200610147,3773744797,50845,937225885,1137836032,17362,4294966225,17362
17953,7325,6845,10628,18193,11926,8932,5058,131505725,1420462531,35267,650076611,781582336,11926,4294960789,11926
17956,4273,3796,13683,8978,8163,1099,18187,76725988,1092444444,24860,458244380,534970368,8163,4294957026,8163
18050,13541,13158,4509,9025,9901,794,12604,244415050,3688060342,21942,404456886,648871936,9901,4294958764,9901
18053,16008,15628,2045,18243,15019,5470,11326,288992424,659919704,37720,695292760,984285184,15019,4294963882,15019
18147,1586,1300,16561,18290,847,16165,302,28781142,2184250794,1450,26727850,55508992,847,4294949710,847
18150,9572,9289,8578,9075,17639,14917,15373,173731800,2300170280,53288,982257704,1155989504,17639,4294966502,17639
18244,8326,8137,9918,9122,1339,18179,11178,151899544,3636785768,62056,1143878248,1295777792,19772,1339,1339
18247,3398,3212,14849,18340,14165,11007,18357,62003306,321632150,46998,866314134,928317440,14165,4294963028,14165
18341,15328,15236,3013,18387,9519,6836,16658,281130848,1792100512,18592,342706336,623837184,9519,4294958382,9519
18344,15919,15830,2425,9172,2739,12173,8410,292018136,592242728,59432,1095510056,1387528192,21172,2739,2739
18428,0,18428,18428,9214,0,569,0,0,0,0,0,0,0,4294948863,0
18428,1,18429,18427,9214,10946,569,18428,18428,339646468,38916,717338628,717357056,10946,4294959809,10946
18428,2,18430,18426,9214,3459,569,9214,36856,679292936,12296,226652168,226689024,3459,4294952322,3459
18428,3,18431,18425,9214,14405,569,12287,55284,1018939404,51212,943990796,944046080,14405,4294963268,14405
18428,4,18432,18424,9214,6918,569,4607,73712,1358585872,24592,453304336,453378048,6918,4294955781,6918
18428,4095,4090,14333,9214,13247,569,6707,75462660,3577849852,43004,792692732,868155392,13247,4294962110,13247
18428,4096,4091,14332,9214,5760,569,9239,75481088,3917496320,16384,302006272,377487360,5760,4294954623,5760
18428,8191,8186,10237,9214,574,569,8511,150943748,3200378876,59388,1094699004,1245642752,19007,574,574
18428,8192,8187,10236,9214,11520,569,13836,150962176,3540025344,32768,604012544,754974720,11520,4294960383,11520
18428,10237,10232,8191,9214,18428,569,10946,188647436,2332350452,55284,1019049972,1207697408,18428,4294967291,18428
18428,18428,18423,0,9214,569,569,1,339591184,1237762032,49136,905723888,1245315072,19002,569,569
18428,18429,18424,18432,9214,11515,569,13826,339609612,1577408500,22516,415037428,754647040,11515,4294960378,11515
18428,18430,18425,18431,9214,4028,569,6146,339628040,1917054968,61432,1132376056,1472004096,22461,4028,4028
18428,18431,18426,18430,9214,14974,569,9219,339646468,2256701436,34812,641689596,981336064,14974,4294963837,14974
18428,18432,18427,18429,9214,7487,569,5,339664896,2596347904,8192,151003136,490668032,7487,4294956350,7487
18429,0,18429,18429,18431,0,9212,0,0,0,0,0,0,0,4294948863,0
18429,1,18430,18428,18431,16130,9212,18429,18429,339664899,57347,1057077251,1057095680,16130,4294964993,16130
18429,2,18431,18427,18431,13827,9212,18431,36858,679329798,49158,906129414,906166272,13827,4294962690,13827
18429,3,18432,18426,18431,11524,9212,6143,55287,1018994697,40969,755181577,755236864,11524,4294960387,11524
18429,4,0,18425,18431,9221,9212,18432,73716,1358659596,32780,604233740,604307456,9221,4294958084,9221
18429,4095,4091,14334,18431,6911,9212,1679,75466755,3653324797,20477,377452541,452919296,6911,4294955774,6911
18429,4096,4092,14333,18431,4608,9212,18,75485184,3992989696,12288,226504704,301989888,4608,4294953471,4608
18429,8191,8187,10238,18431,11519,9212,14182,150951939,3351347197,32765,603957245,754909184,11519,4294960382,11519
18429,8192,8188,10237,18431,9216,9212,9,150970368,3691012096,24576,453009408,603979776,9216,4294958079,9216
18429,10237,10233,8192,18431,18429,9212,16130,188657673,2521028599,55287,1019105271,1207762944,18429,4294967292,18429
18429,18428,18424,1,18431,11515,9212,7374,339609612,1577408500,22516,415037428,754647040,11515,4294960378,11515
18429,18429,18425,0,18431,9212,9212,1,339628041,1917073399,14327,264089591,603717632,9212,4294958075,9212
18429,18430,18426,18432,18431,6909,9212,12290,339646470,2256738298,6138,113141754,452788224,6909,4294955772,6909
18429,18431,18427,18431,18431,4606,9212,2,339664899,2596403197,63485,1170219005,1509883904,23039,4606,4606
18429,18432,18428,18430,18431,2303,9212,4,339683328,2936068096,55296,1019271168,1358954496,20736,2303,2303
18430,0,18430,18430,9215,0,9790,0,0,0,0,0,0,0,4294948863,0
18430,1,18431,18429,9215,2881,9790,18430,18430,339683330,10242,188790786,188809216,2881,4294951744,2881
18430,2,18432,18428,9215,5762,9790,9215,36860,679366660,20484,377581572,377618432,5762,4294954625,5762
18430,3,0,18427,9215,8643,9790,18432,55290,1019049990,30726,566372358,566427648,8643,4294957506,8643
18430,4,1,18426,9215,11524,9790,13824,73720,1358733320,40968,755163144,755236864,11524,4294960387,11524
18430,4095,4092,14335,9215,575,9790,15084,75470850,3728799742,63486,1170237438,1245708288,19008,575,575
18430,4096,4093,14334,9215,3456,9790,9230,75489280,4068483072,8192,151003136,226492416,3456,4294952319,3456
18430,8191,8188,10239,9215,4031,9790,1420,150960130,3502315518,6142,113215486,264175616,4031,4294952894,4031
18430,8192,8189,10238,9215,6912,9790,4615,150978560,3841998848,16384,302006272,452984832,6912,4294955775,6912
18430,10237,10234,8193,9215,18430,9790,2881,188667910,2709706746,55290,1019160570,1207828480,18430,4294967293,18430
18430,18428,18425,2,9215,4028,9790,14747,339628040,1917054968,61432,1132376056,1472004096,22461,4028,4028
18430,18429,18426,1,9215,6909,9790,4609,339646470,2256738298,6138,113141754,452788224,6909,4294955772,6909
18430,18430,18427,0,9215,9790,9790,1,339664900,2596421628,16380,301932540,641597440,9790,4294958653,9790
18430,18431,18428,18432,9215,12671,9790,9218,339683330,2936104958,26622,490723326,830406656,12671,4294961534,12671
18430,18432,18429,18431,9215,15552,9790,3,339701760,3275788288,36864,679514112,1019215872,15552,4294964415,15552
18431,0,18431,18431,18432,0,2303,0,0,0,0,0,0,0,4294948863,0
18431,1,18432,18430,18432,8065,2303,18431,18431,339701761,28673,528529409,528547840,8065,4294956928,8065
18431,2,0,18429,18432,16130,2303,18432,36862,679403522,57346,1057058818,1057095680,16130,4294964993,16130
18431,3,1,18428,18432,5762,2303,12288,55293,1019105283,20483,377563139,377618432,5762,4294954625,5762
18431,4,2,18427,18432,13827,2303,9216,73724,1358807044,49156,906092548,906166272,13827,4294962690,13827
18431,4095,4093,14336,18432,12672,2303,10056,75474945,3804274687,40959,754997247,830472192,12672,4294961535,12672
18431,4096,4094,14335,18432,2304,2303,9,75493376,4143976448,4096,75501568,150994944,2304,4294951167,2304
18431,8191,8189,10240,18432,14976,2303,7091,150968321,3653283839,45055,830498815,981467136,14976,4294963839,14976
18431,8192,8190,10239,18432,4608,2303,9221,150986752,3992985600,8192,151003136,301989888,4608,4294953471,4608
18431,10237,10235,8194,18432,18431,2303,8065,188678147,2898384893,55293,1019215869,1207894016,18431,4294967294,18431
18431,18428,18426,3,18432,14974,2303,3687,339646468,2256701436,34812,641689596,981336064,14974,4294963837,14974
18431,18429,18427,2,18432,4606,2303,9217,339664899,2596403197,63485,1170219005,1509883904,23039,4606,4606
18431,18430,18428,1,18432,12671,2303,6145,339683330,2936104958,26622,490723326,830406656,12671,4294961534,12671
18431,18431,18429,0,18432,2303,2303,1,339701761,3275806719,55295,1019252735,1358954496,20736,2303,2303
18431,18432,18430,18432,18432,10368,2303,2,339720192,3615508480,18432,339757056,679477248,10368,4294959231,10368
18432,0,18432,18432,9216,0,5184,0,0,0,0,0,0,0,4294948863,0
18432,1,0,18431,9216,13249,5184,18432,18432,339720192,47104,868268032,868286464,13249,4294962112,13249
18432,2,1,18430,9216,8065,5184,9216,36864,679440384,28672,528510976,528547840,8065,4294956928,8065
18432,3,2,18429,9216,2881,5184,6144,55296,1019160576,10240,188753920,188809216,2881,4294951744,2881
18432,4,3,18428,9216,16130,5184,4608,73728,1358880768,57344,1057021952,1057095680,16130,4294964993,16130
18432,4095,4094,14337,9216,6336,5184,5028,75479040,3879749632,18432,339757056,415236096,6336,4294955199,6336
18432,4096,4095,14336,9216,1152,5184,9221,75497472,4219469824,0,0,75497472,1152,4294950015,1152
18432,8191,8190,10241,9216,7488,5184,12762,150976512,3804252160,18432,339757056,490733568,7488,4294956351,7488
18432,8192,8191,10240,9216,2304,5184,13827,150994944,4143972352,0,0,150994944,2304,4294951167,2304
18432,10237,10236,8195,9216,18432,5184,13249,188688384,3087063040,55296,1019271168,1207959552,18432,4294967295,18432
18432,18428,18427,4,9216,7487,5184,11060,339664896,2596347904,8192,151003136,490668032,7487,4294956350,7487
18432,18429,18428,3,9216,2303,5184,13825,339683328,2936068096,55296,1019271168,1358954496,20736,2303,2303
18432,18430,18429,2,9216,15552,5184,12289,339701760,3275788288,36864,679514112,1019215872,15552,4294964415,15552
18432,18431,18430,1,9216,10368,5184,9217,339720192,3615508480,18432,339757056,679477248,10368,4294959231,10368
18432,18432,18431,0,9216,5184,5184,1,339738624,3955228672,0,0,339738624,5184,4294954047,5184
